Director,Edad,Ciudad_nacimiento,Vehiculo,Email,Genero,Ip_movil,ip_address,Empresa,Titulacion
David Hand,4,Banes,Maserati,dbassill0@mayoclinic.com,Non-binary,69.217.97.107,206.146.236.192,"Stokes, Bartell and Kihn",Research Nurse
Clyde Geronimi,39,Milano,Suzuki,gdomenichini1@amazon.com,Female,30.196.129.21,112.72.125.158,Kuhlman-Bogisich,Nurse Practicioner
 Jamie Mitchell,19,Nekrasovka,Mercedes-Benz,mcawkwell2@yolasite.com,Female,251.147.171.75,67.63.105.157,Dach-Von,Account Representative I
Alan Menken,38,Cezi,Mercedes-Benz,ododing3@bravesites.com,Female,135.89.236.82,46.117.67.128,McLaughlin-Cassin,Pharmacist
Jamie Mitchell,35,Huacrachuco,Pontiac,wfaucett4@shutterfly.com,Male,36.19.113.223,148.215.77.76,"Marks, West and Nitzsche",Business Systems Development Analyst
Alan Menken,12,Pulap,Mercury,bwinwood5@odnoklassniki.ru,Female,255.99.176.33,221.18.126.67,Rosenbaum Group,Software Engineer II
Andy Knight,43,Áyios Vasílios,Alfa Romeo,dalred6@bing.com,Male,157.22.86.9,110.253.233.203,"Zulauf, Gleichner and Klocko",Director of Sales
Cullen Blaine,1,Zhangbang,Audi,amcaviy7@cbc.ca,Female,251.32.224.255,191.36.53.126,Monahan and Sons,Sales Associate
Tom Ellery,32,Frýdek-Místek,Ford,jgottschalk8@cargocollective.com,Female,250.162.202.115,157.244.217.20,"Rempel, Mueller and Huel",Structural Analysis Engineer
Kazuo Terada,16,Aranguren,Plymouth,jgodfroy9@thetimes.co.uk,Female,34.133.36.100,128.51.9.95,"Baumbach, Adams and Legros",Senior Editor
Bradley Raymond,17,El Playón,Jaguar,aeccotta@shareasale.com,Female,177.226.135.154,239.82.109.223,"Goyette, Harris and McClure",Staff Accountant I
Darrell Rooney,41,Tarikolot,Lexus,jbeafordb@businessinsider.com,Male,84.104.152.250,44.214.126.142,"Hammes, Bradtke and Rau",Librarian
Jim Kammerud,12,Älmhult,Pontiac,cwillmanc@bizjournals.com,Male,185.98.238.252,37.84.79.72,"Schaefer, Kirlin and Beer",Environmental Tech
John Kafka,6,Nangkasari,Ford,ssurteesd@reddit.com,Female,66.206.14.224,219.75.127.10,"Yundt, Botsford and Thompson",Food Chemist
Benjamin Zev,6,Casal da Anja,Volkswagen,wspeeree@nba.com,Male,19.173.144.133,236.102.55.162,"Heidenreich, Littel and Toy",Data Coordiator
Barbara M. Layman,49,Aristóbulo del Valle,Acura,dloisif@statcounter.com,Male,95.73.0.143,184.69.31.180,Bosco-Schoen,Senior Developer
Rob LaDuca,32,Guji,Chevrolet,fhargrovesg@cafepress.com,Male,241.39.159.152,100.215.84.129,Parisian Group,Assistant Media Planner
David Block,7,Tayuan,Mitsubishi,kfriselh@taobao.com,Male,238.222.187.221,13.185.128.243,"Christiansen, Murphy and Block",Staff Scientist
Frank Nissen,17,Fāqūs,Mitsubishi,awindrumi@addtoany.com,Polygender,255.29.176.161,252.23.120.59,Satterfield-Donnelly,VP Quality Control
Peggy Holmes,38,São João do Campo,Oldsmobile,fiskowiczj@comcast.net,Male,199.210.174.159,153.213.183.109,Smith-Collins,Web Developer III
Nathan Greno,39,Steinkjer,Dodge,dcatherinek@nymag.com,Male,174.136.204.111,225.243.48.248,Connelly and Sons,Community Outreach Specialist
Nathan Grinui,45,Oygon,BMW,tcarneckl@google.com,Male,41.140.53.219,73.78.223.12,"Herzog, Barrows and Botsford",Senior Sales Associate
Mark Andrews,41,Ilihan,Chevrolet,kpollicotem@google.fr,Male,122.236.8.227,115.111.111.161,Spencer-King,Analog Circuit Design manager
John Musker,9,Thames,Jeep,scridlonn@businesswire.com,Male,33.200.145.51,52.253.5.249,"Daniel, Reichert and Halvorson",GIS Technical Architect
Ron Clements,45,Seara,Chevrolet,eemmanueleo@ovh.net,Female,143.102.113.222,52.214.116.132,Funk-Crist,Food Chemist
Jim Kammerud,36,São João do Campo,Oldsmobile,fiskodsfdwiczj@comcast.net,Male,199.210.174.159,153.213.183.109,Smith-Collins,Web Developer III